{
"random": 
    {
    "LR": 
        {
        "precision": [0.9326923076923077, 0.8627450980392157, 0.8317757009345794, 0.8247422680412371, 0.8152173913043478, 0.819047619047619, 0.87, 0.8865979381443299, 0.9166666666666666, 0.8365384615384616, 0.8602150537634409, 0.8804347826086957, 0.8478260869565217, 0.8695652173913043, 0.8488372093023255, 0.8555555555555555, 0.9130434782608695, 0.9074074074074074, 0.9487179487179487, 0.9629629629629629], 
        "recall": [0.7698412698412699, 0.7586206896551724, 0.7946428571428571, 0.7207207207207207, 0.7075471698113207, 0.7678571428571429, 0.8055555555555556, 0.7610619469026548, 0.7457627118644068, 0.7699115044247787, 0.6896551724137931, 0.7043478260869566, 0.6724137931034483, 0.6896551724137931, 0.6952380952380952, 0.719626168224299, 0.7241379310344828, 0.7313432835820896, 0.74, 0.7647058823529411], 
        "f1": [0.8434782608695651, 0.8073394495412843, 0.812785388127854, 0.7692307692307693, 0.7575757575757576, 0.7926267281105991, 0.8365384615384616, 0.8190476190476191, 0.822429906542056, 0.8018433179723502, 0.7655502392344498, 0.782608695652174, 0.75, 0.7692307692307693, 0.7643979057591622, 0.7817258883248731, 0.8076923076923076, 0.8099173553719008, 0.8314606741573033, 0.8524590163934426]
        }, 
    "Tree": 
        {
        "precision": [0.9917355371900827, 0.963963963963964, 0.9196428571428571, 0.9454545454545454, 0.8990825688073395, 0.8823529411764706, 0.9174311926605505, 0.9433962264150944, 0.9279279279279279, 0.9385964912280702, 0.9380530973451328, 0.956140350877193, 0.9217391304347826, 0.9649122807017544, 0.9494949494949495, 0.9801980198019802, 0.975609756097561, 0.9848484848484849, 0.9795918367346939, 0.9696969696969697], 
        "recall": [0.9523809523809523, 0.9224137931034483, 0.9196428571428571, 0.9369369369369369, 0.9245283018867925, 0.9375, 0.9259259259259259, 0.8849557522123894, 0.8728813559322034, 0.9469026548672567, 0.9137931034482759, 0.9478260869565217, 0.9137931034482759, 0.9482758620689655, 0.8952380952380953, 0.9252336448598131, 0.9195402298850575, 0.9701492537313433, 0.96, 0.9411764705882353], 
        "f1": [0.97165991902834, 0.9427312775330396, 0.9196428571428571, 0.9411764705882352, 0.9116279069767442, 0.9090909090909091, 0.9216589861751153, 0.91324200913242, 0.8995633187772925, 0.9427312775330398, 0.925764192139738, 0.9519650655021834, 0.9177489177489179, 0.9565217391304347, 0.9215686274509803, 0.9519230769230769, 0.9467455621301775, 0.9774436090225564, 0.9696969696969697, 0.955223880597015]
        }, 
    "SVM":
        {
        "precision": [0.8015873015873016, 0.7844827586206896, 0.7589285714285714, 0.7207207207207207, 0.7169811320754716, 0.7678571428571429, 0.7592592592592593, 0.7787610619469026, 0.7627118644067796, 0.7964601769911505, 0.7241379310344828, 0.7478260869565218, 0.7155172413793104, 0.6982758620689655, 0.7047619047619048, 0.7102803738317757, 0.7241379310344828, 0.7313432835820896, 0.76, 0.7058823529411765], 
        "recall": [0.9266055045871561, 0.875, 0.8173076923076923, 0.8247422680412371, 0.826086956521739, 0.819047619047619, 0.8118811881188119, 0.8301886792452831, 0.8823529411764707, 0.8653846153846153, 0.8235294117647058, 0.8431372549019608, 0.846938775510204, 0.8617021276595744, 0.8131868131868132, 0.8172043010752688, 0.8289473684210528, 0.8032786885245902, 0.7916666666666666, 0.8], 
        "f1": [0.8595744680851064, 0.8272727272727274, 0.7870370370370371, 0.7692307692307693, 0.7676767676767677, 0.7926267281105991, 0.7846889952153111, 0.8036529680365299, 0.8181818181818181, 0.8294930875576038, 0.7706422018348623, 0.7926267281105991, 0.7757009345794393, 0.7714285714285714, 0.7551020408163266, 0.76, 0.7730061349693252, 0.765625, 0.7755102040816326, 0.7500000000000001]
        }, 
    "MLP": 
        {
        "precision": [0.957983193277311, 0.9351851851851852, 0.8918918918918919, 0.9074074074074074, 0.8703703703703703, 0.8717948717948718, 0.897196261682243, 0.9532710280373832, 0.9724770642201835, 0.9545454545454546, 0.9083333333333333, 0.9310344827586207, 0.9411764705882353, 0.9243697478991597, 0.8990825688073395, 0.9038461538461539, 0.9285714285714286, 0.9206349206349206, 0.9361702127659575, 0.8611111111111112], 
        "recall": [0.9047619047619048, 0.8706896551724138, 0.8839285714285714, 0.8828828828828829, 0.8867924528301887, 0.9107142857142857, 0.8888888888888888, 0.9026548672566371, 0.8983050847457628, 0.9292035398230089, 0.9396551724137931, 0.9391304347826087, 0.9655172413793104, 0.9482758620689655, 0.9333333333333333, 0.8785046728971962, 0.896551724137931, 0.8656716417910447, 0.88, 0.9117647058823529], 
        "f1": [0.9306122448979592, 0.9017857142857144, 0.8878923766816144, 0.8949771689497718, 0.8785046728971964, 0.8908296943231441, 0.8930232558139535, 0.9272727272727272, 0.9339207048458149, 0.9417040358744395, 0.9237288135593221, 0.935064935064935, 0.9531914893617022, 0.9361702127659575, 0.9158878504672897, 0.8909952606635071, 0.912280701754386, 0.8923076923076922, 0.9072164948453608, 0.8857142857142858]
        }
    }, 

"sequential": 
    {
    "LR": 
        {
        "precision": [0.5833333333333334, 0.7244094488188977, 0.8514851485148515, 0.875, 0.8870967741935484, 0.8951612903225806, 0.9140625, 0.8880597014925373, 0.7969924812030075, 0.8108108108108109, 0.7314814814814815, 0.7619047619047619, 0.7747747747747747, 0.8191489361702128, 0.7924528301886793, 0.5821917808219178, 0.7043478260869566, 0.6774193548387096, 0.8809523809523809, 0.84], 
        "recall": [0.900990099009901, 0.8440366972477065, 0.7610619469026548, 0.8203125, 0.8333333333333334, 0.8222222222222222, 0.8125, 0.8623188405797102, 0.8412698412698413, 0.75, 0.7247706422018348, 0.6956521739130435, 0.7288135593220338, 0.6936936936936937, 0.7433628318584071, 0.8252427184466019, 0.9101123595505618, 0.9545454545454546, 0.8222222222222222, 0.8076923076923077], 
        "f1": [0.708171206225681, 0.7796610169491526, 0.8037383177570093, 0.8467741935483871, 0.859375, 0.8571428571428571, 0.8602941176470589, 0.8750000000000001, 0.8185328185328186, 0.7792207792207791, 0.7281105990783411, 0.7272727272727272, 0.7510917030567685, 0.7512195121951221, 0.767123287671233, 0.6827309236947792, 0.7941176470588236, 0.7924528301886793, 0.8505747126436781, 0.8235294117647058]
        }, 
    "Tree": 
        {
        "precision": [0.9540229885057471, 0.96, 0.9696969696969697, 0.9669421487603306, 0.9669421487603306, 1.0, 0.9924242424242424, 1.0, 0.967479674796748, 1.0, 0.981651376146789, 0.9911504424778761, 0.9487179487179487, 0.9626168224299065, 0.9724770642201835, 0.9504950495049505, 0.9770114942528736, 0.9545454545454546, 0.9148936170212766, 0.9090909090909091], 
        "recall": [0.8217821782178217, 0.8807339449541285, 0.8495575221238938, 0.9140625, 0.8863636363636364, 0.9481481481481482, 0.9097222222222222, 0.927536231884058, 0.9444444444444444, 0.8916666666666667, 0.981651376146789, 0.9739130434782609, 0.940677966101695, 0.9279279279279279, 0.9380530973451328, 0.9320388349514563, 0.9550561797752809, 0.9545454545454546, 0.9555555555555556, 0.7692307692307693], 
        "f1": [0.8829787234042553, 0.9186602870813397, 0.9056603773584906, 0.9397590361445782, 0.924901185770751, 0.973384030418251, 0.9492753623188407, 0.9624060150375939, 0.9558232931726908, 0.9427312775330398, 0.981651376146789, 0.9824561403508772, 0.9446808510638298, 0.944954128440367, 0.954954954954955, 0.9411764705882353, 0.9659090909090908, 0.9545454545454546, 0.9347826086956522, 0.8333333333333333]
        }, 
    "SVM": 
        {
        "precision": [0.8910891089108912, 0.7981651376146789, 0.7079646017699115, 0.796875, 0.8106060606060606, 0.8148148148148147, 0.8194444444444444, 0.8840579710144928, 0.9126984126984127, 0.8333333333333334, 0.7981651376146789, 0.808695652173913, 0.8305084745762713, 0.7567567567567568, 0.7876106194690266, 0.8446601941747571, 0.9438202247191011, 0.9696969696969697, 0.9333333333333333, 0.8076923076923077],